{
  "LastLogin": "2024-12-20T09:40:48.9358465-05:00",
  "PlayTime": "00:00:06.2310348",
  "Role": 3,
  "Alive": true,
  "AreaId": 0,
  "Gold": 0,
  "Health": 0,
  "Level": 1,
  "LocationId": 0,
  "MaxHealth": 0,
  "Name": "thor",
  "XP": 0,
  "Strength": 0,
  "Dexterity": 0,
  "Constitution": 0,
  "Intelligence": 0,
  "Wisdom": 0,
  "Charisma": 0,
  "Class": {},
  "EquippedArmor": [],
  "PrimaryWeapon": {
    "Damage": 2,
    "Id": 0,
    "Description": "A fist",
    "DisplayText": "",
    "IsDroppable": false,
    "IsGettable": false,
    "Level": 0,
    "Name": "Fist",
    "UsesRemaining": -1,
    "Value": 0,
    "Weight": 0
  }
}